id,label
47224,0.0
21217,2.0
40243,0.0
260,2.0
22148,0.0
11921,2.0
40024,0.0
36970,2.0
7167,0.0
3651,2.0
32337,2.0
5644,0.0
51807,0.0
65649,0.0
54205,2.0
21554,0.0
51739,0.0
51840,0.0
46011,2.0
10218,2.0
44078,1.0
40252,0.0
8665,2.0
27488,0.0
58550,2.0
9458,2.0
17999,2.0
45325,2.0
58317,2.0
18710,0.0
44254,0.0
20374,0.0
9799,2.0
21287,0.0
51646,2.0
35698,2.0
52870,2.0
31841,2.0
15748,2.0
66659,2.0
52921,2.0
20085,0.0
45759,2.0
14949,2.0
60233,2.0
6782,0.0
55543,2.0
25713,2.0
44856,0.0
57649,2.0
27459,2.0
38450,0.0
26432,0.0
36731,2.0
70077,2.0
22370,2.0
25605,2.0
22853,2.0
13934,2.0
44256,2.0
5538,2.0
55514,2.0
2967,0.0
14492,0.0
69911,2.0
21567,0.0
60096,2.0
34745,2.0
36344,2.0
61805,0.0
16731,0.0
51232,0.0
29514,2.0
54940,1.0
51186,2.0
36412,2.0
13728,2.0
67791,2.0
38032,2.0
24594,0.0
55392,0.0
13715,2.0
69,2.0
51632,2.0
23995,0.0
46625,2.0
22317,2.0
11571,2.0
42544,2.0
16881,1.0
32191,0.0
42073,2.0
29062,2.0
2197,0.0
6117,0.0
24965,1.0
72424,2.0
8220,2.0
8294,2.0
6334,2.0
21375,0.0
53807,2.0
23898,2.0
1059,2.0
24004,2.0
25721,1.0
69139,2.0
6424,2.0
9258,0.0
11591,2.0
32929,0.0
16917,2.0
2977,1.0
12940,2.0
39664,2.0
10359,0.0
19859,0.0
12530,0.0
32751,0.0
28280,0.0
29323,2.0
26693,2.0
39691,2.0
52528,0.0
10020,2.0
34333,2.0
13850,2.0
26115,2.0
14866,0.0
68688,0.0
65192,2.0
21295,2.0
14306,0.0
64498,0.0
65272,2.0
15252,1.0
4436,2.0
28553,2.0
5062,2.0
73790,2.0
70904,0.0
9927,1.0
39448,2.0
29129,0.0
52318,2.0
5213,0.0
51923,0.0
65550,2.0
23601,0.0
73730,0.0
46252,1.0
53496,2.0
3053,2.0
43473,2.0
44587,2.0
47909,2.0
71214,2.0
44781,2.0
41218,2.0
30684,2.0
8649,0.0
315,2.0
39256,0.0
1316,2.0
51791,2.0
29673,0.0
10613,2.0
34219,2.0
6114,2.0
48547,0.0
63135,2.0
25539,2.0
66440,0.0
70620,2.0
55066,2.0
31981,0.0
15278,2.0
16875,0.0
4006,0.0
32192,2.0
49478,1.0
8102,0.0
11243,0.0
32492,2.0
64546,2.0
47923,0.0
46332,2.0
61347,2.0
68481,2.0
35403,0.0
28723,2.0
4020,2.0
33930,0.0
60850,2.0
4579,0.0
63482,0.0
72933,0.0
57035,0.0
32921,2.0
69711,0.0
17889,0.0
20750,2.0
47602,0.0
11492,0.0
43342,2.0
9768,0.0
58845,2.0
1610,2.0
3759,2.0
40296,2.0
31513,2.0
61985,2.0
72493,2.0
13370,2.0
31090,2.0
64389,2.0
63966,0.0
48877,2.0
40607,0.0
7864,0.0
16764,0.0
30092,2.0
49035,0.0
37507,2.0
18818,2.0
50221,0.0
17382,2.0
13908,2.0
50475,0.0
29003,2.0
63680,0.0
72969,0.0
2384,2.0
41335,0.0
3324,2.0
60677,2.0
73031,0.0
3435,2.0
31284,2.0
71359,0.0
32121,0.0
20384,0.0
46852,2.0
64720,0.0
62863,2.0
49771,0.0
71707,2.0
39190,0.0
1186,2.0
53744,0.0
32648,0.0
2669,0.0
37993,2.0
31948,2.0
44672,2.0
67444,2.0
54019,2.0
13647,0.0
38513,2.0
66420,2.0
31852,2.0
69786,2.0
42769,2.0
44571,0.0
19929,2.0
25334,2.0
69828,1.0
57078,0.0
57947,0.0
45501,0.0
71879,0.0
20608,2.0
17388,2.0
44224,2.0
9311,2.0
41717,0.0
29423,0.0
27623,0.0
70052,0.0
37249,2.0
53059,0.0
52901,0.0
14779,2.0
31671,0.0
17134,2.0
53824,2.0
73609,1.0
16877,2.0
55575,2.0
58235,0.0
55625,2.0
58594,0.0
46167,2.0
55901,2.0
16639,2.0
56072,0.0
37759,2.0
65472,0.0
46190,2.0
49859,2.0
48067,0.0
55061,2.0
64648,0.0
36794,2.0
51407,2.0
64655,2.0
68417,1.0
22456,2.0
13622,2.0
24459,0.0
66141,2.0
57788,2.0
3488,2.0
56068,2.0
62043,0.0
53931,0.0
71354,0.0
47993,0.0
56129,2.0
49915,2.0
65067,0.0
60977,0.0
64130,0.0
30191,0.0
21754,0.0
62434,2.0
29684,0.0
46119,0.0
13108,2.0
69981,2.0
27393,2.0
28049,2.0
21931,2.0
5991,2.0
12999,0.0
46656,0.0
45356,2.0
65575,0.0
66199,2.0
68356,0.0
30264,2.0
27343,0.0
20675,1.0
4749,2.0
16927,0.0
53545,2.0
69028,0.0
51859,0.0
7362,2.0
62079,0.0
21928,2.0
33199,0.0
133,2.0
14595,2.0
65647,0.0
12700,2.0
12027,2.0
12620,2.0
8337,0.0
20249,2.0
62112,2.0
18638,0.0
12135,2.0
27043,1.0
2088,1.0
42746,1.0
4710,2.0
6377,2.0
53988,0.0
59480,2.0
8921,0.0
14282,0.0
26637,2.0
1080,2.0
62009,2.0
49399,1.0
10566,2.0
29290,0.0
66273,2.0
29007,2.0
4732,0.0
8905,0.0
41665,0.0
67874,0.0
54361,2.0
3711,0.0
27869,2.0
33814,0.0
59475,2.0
4592,0.0
72063,2.0
68969,2.0
66218,0.0
14663,2.0
52045,0.0
60319,2.0
70715,2.0
61546,1.0
64072,2.0
48492,2.0
52070,0.0
38071,2.0
61586,0.0
56883,0.0
23727,1.0
44007,0.0
60468,0.0
23294,2.0
35860,0.0
26956,0.0
4862,2.0
62127,2.0
49503,2.0
10400,2.0
66801,0.0
12652,0.0
50518,1.0
5907,2.0
43188,2.0
23606,2.0
6850,0.0
25602,0.0
26501,2.0
48520,2.0
43443,0.0
68219,2.0
18586,2.0
72587,2.0
34062,0.0
52975,0.0
30750,2.0
51715,2.0
11883,2.0
45791,2.0
36966,2.0
69792,2.0
14911,1.0
59231,2.0
46947,0.0
29836,0.0
29195,2.0
15198,2.0
17449,0.0
34519,2.0
9443,0.0
70573,2.0
28838,2.0
52010,1.0
39729,2.0
21793,0.0
59294,2.0
27357,0.0
25062,2.0
53527,0.0
13778,2.0
21065,2.0
34263,2.0
48002,2.0
46396,2.0
64402,0.0
45652,2.0
1409,0.0
31997,2.0
63083,0.0
43841,0.0
67895,0.0
22573,2.0
54321,2.0
64396,2.0
9809,1.0
20216,2.0
62874,0.0
29393,0.0
9654,0.0
11660,0.0
17068,1.0
70842,2.0
12222,2.0
17000,0.0
24951,2.0
16015,2.0
19912,2.0
53584,2.0
19135,2.0
54248,0.0
40850,2.0
31480,0.0
57010,2.0
45388,2.0
33568,0.0
52976,2.0
73521,0.0
38159,2.0
25355,2.0
60644,0.0
11316,1.0
17686,2.0
55851,0.0
20957,2.0
47068,2.0
37787,2.0
12798,2.0
61166,2.0
62728,2.0
4617,0.0
41620,2.0
28844,2.0
11251,0.0
50276,0.0
21357,2.0
55792,2.0
63056,0.0
19018,2.0
9634,0.0
35383,0.0
38148,0.0
11331,2.0
12231,2.0
31194,2.0
2434,2.0
11842,0.0
9770,0.0
54437,2.0
16623,0.0
11949,0.0
27721,2.0
50006,2.0
73176,0.0
10882,0.0
53565,2.0
3338,0.0
17259,2.0
30468,2.0
16892,2.0
46789,2.0
20864,2.0
47458,2.0
42107,2.0
65808,2.0
6848,0.0
29237,1.0
20667,0.0
53903,2.0
28116,2.0
38741,2.0
63590,2.0
10756,2.0
9779,0.0
47983,1.0
51970,0.0
26904,1.0
19880,0.0
19362,2.0
27263,2.0
6195,2.0
66948,2.0
37493,0.0
33511,2.0
29411,2.0
26027,2.0
12113,2.0
56261,2.0
65435,2.0
66074,0.0
6185,2.0
66725,2.0
7916,2.0
21906,0.0
13958,1.0
45102,2.0
40748,2.0
55816,2.0
5433,2.0
45391,0.0
30995,0.0
6958,2.0
28640,0.0
34598,2.0
9057,2.0
8060,2.0
21088,2.0
51627,2.0
20011,2.0
60092,0.0
62943,1.0
11539,2.0
8408,2.0
54246,0.0
69675,2.0
51188,2.0
49495,2.0
20175,0.0
44109,2.0
20262,2.0
21023,2.0
49046,0.0
52540,2.0
58599,2.0
8708,0.0
34384,2.0
72159,2.0
50684,0.0
31305,0.0
73262,2.0
31799,2.0
34342,2.0
22575,0.0
27453,0.0
49056,2.0
72357,2.0
50959,0.0
41923,2.0
31226,0.0
63746,2.0
34251,2.0
4056,2.0
6247,2.0
32069,0.0
9916,2.0
38058,0.0
37217,0.0
51919,2.0
1716,2.0
11735,0.0
9585,2.0
4336,1.0
18571,2.0
6571,0.0
15440,2.0
35297,2.0
10418,2.0
45538,0.0
34079,2.0
69689,1.0
44116,1.0
46653,0.0
20424,0.0
17308,1.0
11904,2.0
53561,2.0
51808,2.0
46860,1.0
46685,1.0
59011,2.0
24720,0.0
66835,0.0
6972,0.0
26523,0.0
12801,2.0
20363,0.0
8729,0.0
18659,0.0
21994,2.0
58189,0.0
25766,0.0
7751,2.0
11681,2.0
70025,2.0
50422,2.0
1727,2.0
18180,2.0
26359,0.0
71372,2.0
52833,2.0
18263,2.0
40485,2.0
369,2.0
32510,2.0
74189,2.0
40086,0.0
27920,0.0
5917,2.0
60090,0.0
66631,0.0
2440,2.0
61334,2.0
72752,2.0
32567,0.0
28419,2.0
27683,2.0
45837,0.0
38745,0.0
3296,0.0
65845,2.0
72216,2.0
30744,2.0
38553,2.0
12144,2.0
61541,2.0
15798,2.0
5061,2.0
32643,2.0
4916,0.0
16739,0.0
72476,2.0
8957,0.0
1118,0.0
37738,0.0
5879,2.0
19856,2.0
46765,2.0
5663,0.0
57507,2.0
58159,0.0
53151,0.0
27281,0.0
20742,2.0
52087,2.0
7047,2.0
22731,2.0
38700,2.0
14754,0.0
43969,2.0
6159,2.0
8980,2.0
73901,2.0
12611,2.0
58806,2.0
48931,2.0
66181,2.0
13114,2.0
46398,0.0
34005,2.0
11283,2.0
35082,2.0
18773,2.0
6115,0.0
13660,2.0
5965,2.0
22144,0.0
50669,2.0
41960,2.0
31693,0.0
68605,0.0
69938,2.0
47433,0.0
61335,2.0
14038,0.0
24023,2.0
23391,2.0
17401,2.0
41098,2.0
38306,2.0
73249,2.0
71555,2.0
65325,0.0
49834,1.0
26735,2.0
69835,2.0
62118,2.0
3984,0.0
36085,0.0
69008,2.0
64426,2.0
17094,2.0
13976,2.0
3093,0.0
34316,1.0
49692,0.0
72037,2.0
62768,2.0
68845,1.0
13047,2.0
51087,2.0
57673,0.0
7206,2.0
63434,2.0
46922,0.0
18606,2.0
2097,2.0
27091,0.0
68302,2.0
30627,0.0
64777,2.0
31132,2.0
61406,2.0
60828,2.0
67044,2.0
6975,2.0
8867,0.0
59806,0.0
30236,2.0
63195,2.0
14165,2.0
45378,0.0
19715,2.0
2781,2.0
45546,0.0
55060,2.0
6606,0.0
28148,0.0
27001,2.0
72471,0.0
61783,0.0
44896,2.0
57812,0.0
64717,2.0
9066,0.0
55391,2.0
55834,2.0
3358,0.0
3402,2.0
9783,2.0
68696,2.0
20008,2.0
45676,0.0
27074,2.0
40693,0.0
17687,0.0
52769,2.0
36745,2.0
32160,0.0
668,2.0
4674,0.0
52666,0.0
46865,0.0
29387,2.0
42832,2.0
66449,2.0
39126,1.0
64838,2.0
51336,0.0
19142,0.0
60952,2.0
58558,2.0
13459,0.0
32436,0.0
44944,2.0
62857,0.0
35034,2.0
61580,2.0
69854,0.0
4704,2.0
4715,2.0
2090,0.0
65395,2.0
30987,0.0
51801,0.0
68868,2.0
25658,2.0
54513,1.0
38701,1.0
25830,0.0
4933,2.0
38983,2.0
28944,2.0
47186,2.0
8631,0.0
40446,2.0
41947,0.0
27058,0.0
7564,2.0
53857,0.0
35089,0.0
62213,2.0
51227,0.0
65673,2.0
37571,0.0
20993,0.0
64976,2.0
29904,0.0
39165,2.0
1209,2.0
15298,0.0
37341,0.0
65243,2.0
61597,0.0
3328,0.0
41526,2.0
29729,2.0
47103,2.0
49167,0.0
70771,2.0
4903,2.0
30617,0.0
70063,2.0
72958,1.0
12334,0.0
39670,2.0
22298,2.0
40942,2.0
40218,2.0
26867,0.0
61103,0.0
59290,2.0
21608,1.0
29926,0.0
25143,1.0
63340,2.0
71767,2.0
62535,2.0
50182,2.0
10569,2.0
26640,0.0
4224,0.0
42944,2.0
55194,2.0
56051,2.0
65855,2.0
70374,0.0
7028,2.0
47980,0.0
54500,2.0
15588,2.0
63201,2.0
51284,2.0
52373,0.0
3115,2.0
19986,2.0
6291,0.0
52997,0.0
71635,0.0
16195,2.0
36035,2.0
36914,2.0
27329,2.0
62500,2.0
9304,0.0
16935,2.0
70209,2.0
70671,2.0
6453,0.0
37479,2.0
20083,0.0
26617,0.0
23304,2.0
30015,2.0
63107,2.0
18236,0.0
56554,2.0
15132,2.0
66746,0.0
59378,0.0
71447,0.0
20589,2.0
21521,2.0
47485,1.0
48359,0.0
24780,2.0
7989,2.0
24309,0.0
13631,2.0
8624,0.0
37047,0.0
14968,2.0
10773,2.0
52763,2.0
45139,0.0
8385,0.0
44649,0.0
53777,2.0
19323,0.0
22269,2.0
16748,1.0
53879,2.0
45907,2.0
52358,2.0
53868,0.0
74145,2.0
67307,1.0
9151,2.0
69492,2.0
27653,0.0
31174,2.0
22058,0.0
48386,2.0
28203,0.0
32217,2.0
59481,1.0
51618,2.0
31011,0.0
5960,2.0
40254,0.0
28319,2.0
19826,2.0
1446,2.0
64111,2.0
38017,0.0
36882,0.0
8292,2.0
69252,0.0
9130,2.0
36611,2.0
1587,2.0
20530,2.0
54605,2.0
49523,2.0
10959,2.0
57991,2.0
64613,2.0
5697,2.0
38174,2.0
44132,2.0
21454,0.0
4833,2.0
3808,2.0
53966,2.0
52762,0.0
24273,2.0
11600,2.0
37188,0.0
5347,0.0
40747,2.0
12669,2.0
12403,2.0
6914,0.0
31167,2.0
54132,2.0
15231,0.0
63502,0.0
22305,2.0
28140,2.0
34816,2.0
68071,0.0
9944,2.0
42066,0.0
14073,0.0
52476,2.0
56527,0.0
11178,2.0
53955,0.0
71513,0.0
9908,1.0
15378,0.0
51829,2.0
25440,0.0
43088,0.0
23631,2.0
67173,0.0
29905,2.0
49719,2.0
44541,2.0
25801,0.0
3392,0.0
22813,2.0
26684,2.0
22187,0.0
64814,2.0
40810,2.0
20390,0.0
47779,0.0
38510,0.0
46198,2.0
52041,2.0
29219,2.0
68526,0.0
69846,2.0
19023,2.0
66321,0.0
39980,0.0
19932,2.0
53437,2.0
57962,2.0
5691,1.0
62595,2.0
22046,0.0
45548,2.0
65970,0.0
2008,0.0
15505,2.0
72211,2.0
63031,2.0
25747,2.0
12852,0.0
40189,2.0
72549,2.0
37660,2.0
49939,0.0
12118,2.0
38632,1.0
72478,0.0
6869,0.0
25529,0.0
30134,2.0
72200,2.0
17344,0.0
64608,2.0
12321,2.0
2445,2.0
3961,0.0
27124,0.0
16131,2.0
55856,2.0
55774,0.0
2265,2.0
13328,0.0
35212,2.0
33062,2.0
38897,2.0
15887,2.0
29349,2.0
56994,2.0
44732,2.0
3083,0.0
33822,2.0
64319,2.0
3368,2.0
64306,2.0
35943,0.0
61460,2.0
72765,0.0
3732,0.0
28905,2.0
33220,0.0
66002,2.0
44503,2.0
12623,2.0
54347,2.0
23269,0.0
62294,2.0
3613,2.0
26193,2.0
42462,0.0
52183,0.0
2596,2.0
13334,0.0
58961,1.0
18415,2.0
34831,2.0
11570,2.0
68877,0.0
24938,0.0
40988,2.0
64989,2.0
20883,2.0
10099,0.0
44233,0.0
49496,2.0
45056,2.0
70110,2.0
42176,0.0
33201,2.0
65586,0.0
33799,0.0
65921,2.0
14941,2.0
64161,0.0
58856,2.0
66764,0.0
70338,2.0
6176,2.0
68630,2.0
71554,0.0
40304,0.0
27423,1.0
28272,1.0
8910,0.0
28480,0.0
14978,0.0
6121,0.0
9666,2.0
14794,2.0
29379,0.0
18073,1.0
54301,2.0
29924,0.0
5733,2.0
10835,2.0
34438,2.0
12906,2.0
46068,2.0
2052,2.0
61184,2.0
54462,0.0
43890,0.0
2850,2.0
69122,2.0
48978,2.0
55633,1.0
43165,0.0
18928,2.0
36765,2.0
4790,0.0
48772,0.0
66671,0.0
19753,2.0
6412,1.0
70222,1.0
63235,2.0
48836,0.0
20529,0.0
10191,0.0
38689,0.0
4127,0.0
1310,2.0
63110,0.0
24630,2.0
55925,2.0
36132,1.0
58588,2.0
49132,1.0
26324,0.0
19282,0.0
2678,2.0
71031,2.0
1563,0.0
58865,1.0
57339,0.0
39465,0.0
64232,2.0
70322,2.0
22544,2.0
37875,2.0
27318,0.0
33624,0.0
3162,2.0
24060,2.0
66699,0.0
30852,2.0
68449,1.0
57146,2.0
58741,2.0
1202,0.0
10192,0.0
68618,0.0
22615,2.0
8506,2.0
56675,2.0
30819,0.0
56828,2.0
25217,2.0
121,0.0
2777,2.0
15958,2.0
41376,2.0
5247,2.0
44038,2.0
68517,0.0
57494,0.0
50879,0.0
66589,2.0
3851,2.0
39920,0.0
38536,2.0
61611,2.0
51115,1.0
57446,2.0
54156,2.0
65109,2.0
51869,2.0
28847,2.0
33597,0.0
24773,0.0
63233,2.0
21421,2.0
55936,0.0
36598,2.0
69037,2.0
63978,2.0
35809,2.0
58918,2.0
21476,0.0
6133,2.0
55618,0.0
30326,2.0
19048,0.0
63807,2.0
49057,2.0
42120,2.0
56343,2.0
54526,0.0
45118,2.0
3928,0.0
40782,2.0
30314,2.0
15649,2.0
13195,0.0
60815,0.0
11449,2.0
51094,2.0
53948,0.0
53578,2.0
15515,2.0
21041,0.0
2333,2.0
13146,2.0
20814,2.0
40790,2.0
17428,0.0
22863,2.0
50546,2.0
40443,2.0
19305,0.0
41426,0.0
626,0.0
72177,0.0
40338,0.0
47905,0.0
15409,2.0
29528,2.0
47006,2.0
32450,2.0
14599,0.0
18870,2.0
15272,2.0
6826,0.0
30390,0.0
60019,2.0
9191,0.0
24404,0.0
27397,2.0
58347,0.0
72559,2.0
8084,0.0
65236,2.0
42796,0.0
39919,2.0
9730,2.0
32764,2.0
8100,2.0
54112,2.0
30378,2.0
55047,1.0
72438,2.0
62272,2.0
66318,0.0
35838,0.0
69895,2.0
68989,0.0
10173,2.0
37042,2.0
21653,2.0
19969,1.0
65173,2.0
18222,2.0
6071,2.0
4093,0.0
44430,2.0
59004,0.0
54737,0.0
27135,2.0
32086,2.0
34717,2.0
32864,0.0
3725,2.0
66326,2.0
52898,0.0
14862,2.0
456,2.0
46694,0.0
71269,2.0
930,0.0
64679,2.0
14440,0.0
30936,0.0
73309,2.0
8165,2.0
73546,0.0
62731,0.0
26230,0.0
2356,2.0
44783,2.0
39598,0.0
20357,2.0
53045,2.0
51742,2.0
11199,2.0
27824,2.0
60856,2.0
11281,0.0
19255,2.0
33524,2.0
36734,0.0
58679,2.0
24026,2.0
66438,2.0
6174,2.0
54571,1.0
9564,2.0
70607,0.0
49848,2.0
644,2.0
58399,2.0
33048,1.0
17517,0.0
19644,2.0
47047,0.0
72666,2.0
46611,2.0
17626,0.0
66503,1.0
55204,2.0
47400,2.0
65841,2.0
35391,2.0
2417,2.0
21393,0.0
21531,0.0
4098,0.0
36964,2.0
37560,2.0
58391,2.0
46992,2.0
71860,0.0
60611,0.0
734,2.0
70477,2.0
71337,0.0
59583,2.0
22576,2.0
28059,0.0
15812,0.0
56096,2.0
7904,2.0
49016,2.0
31430,2.0
33772,0.0
15414,2.0
62101,2.0
59646,1.0
32311,2.0
37754,2.0
69420,1.0
73473,2.0
66200,2.0
59238,0.0
56528,2.0
48457,2.0
16905,2.0
28208,2.0
52422,2.0
64353,2.0
29740,0.0
21423,2.0
22910,2.0
26092,2.0
11012,2.0
61969,0.0
41301,2.0
37013,0.0
53537,2.0
42265,0.0
5126,0.0
14424,2.0
3320,2.0
765,2.0
42346,0.0
24869,0.0
5856,0.0
23111,2.0
72404,0.0
49494,1.0
38894,2.0
39237,0.0
17909,2.0
52304,0.0
66366,0.0
15890,0.0
64046,1.0
38828,2.0
36136,0.0
36840,0.0
48649,2.0
45925,0.0
36963,2.0
11792,2.0
9431,2.0
13813,0.0
10461,2.0
72149,0.0
32985,0.0
61309,0.0
8166,0.0
15848,2.0
73997,2.0
35355,0.0
13435,2.0
20429,2.0
48664,0.0
69603,2.0
25627,2.0
2707,0.0
5485,0.0
58180,2.0
59896,0.0
56338,1.0
30757,0.0
55010,0.0
51206,2.0
5743,2.0
1375,0.0
4652,2.0
24115,0.0
4141,2.0
62920,0.0
3010,2.0
34808,2.0
38792,2.0
296,2.0
73792,0.0
5269,2.0
6988,2.0
68069,2.0
26961,1.0
42354,2.0
22535,0.0
34975,2.0
67245,0.0
64681,2.0
61808,2.0
15690,2.0
26619,0.0
3862,2.0
12095,2.0
55982,0.0
72665,2.0
14905,0.0
21484,2.0
31491,2.0
18858,2.0
32397,0.0
28712,2.0
68013,0.0
62420,1.0
3434,2.0
47076,0.0
42498,2.0
61744,0.0
62490,2.0
27821,0.0
17291,2.0
63876,2.0
58361,2.0
158,2.0
67636,0.0
28584,0.0
34002,1.0
37671,2.0
27415,2.0
30861,0.0
3250,0.0
60852,2.0
10164,2.0
3870,2.0
7336,0.0
48407,0.0
30340,0.0
4897,2.0
20103,2.0
21902,2.0
26893,2.0
23252,1.0
30866,2.0
6245,2.0
59399,2.0
54763,2.0
25356,2.0
5298,2.0
15183,2.0
14502,0.0
6856,2.0
47091,0.0
45023,2.0
23129,2.0
48816,2.0
62336,2.0
1888,2.0
34545,2.0
46496,2.0
23464,0.0
27954,2.0
65073,2.0
70256,2.0
4403,0.0
2217,0.0
32060,0.0
61585,2.0
52376,0.0
54974,2.0
34859,0.0
27508,2.0
43701,0.0
69074,0.0
29029,2.0
57627,2.0
6651,2.0
58246,0.0
33734,0.0
43894,2.0
68445,2.0
38736,2.0
3146,2.0
14345,0.0
61414,2.0
50685,2.0
11768,2.0
26314,2.0
9107,2.0
39398,0.0
12346,2.0
6558,2.0
49279,2.0
20749,0.0
41152,1.0
68217,2.0
64169,2.0
19078,0.0
36695,0.0
36346,0.0
12397,2.0
33892,0.0
32629,2.0
17281,0.0
72837,0.0
68383,0.0
5493,2.0
10368,2.0
26284,2.0
50578,2.0
45901,2.0
14742,0.0
30050,0.0
22689,2.0
66099,2.0
6539,0.0
12519,2.0
24319,0.0
41849,2.0
63714,2.0
13106,0.0
35662,0.0
26775,0.0
38317,2.0
21993,0.0
64469,2.0
3709,2.0
9398,2.0
17071,2.0
59748,2.0
22098,2.0
12854,0.0
22593,0.0
15418,2.0
844,0.0
1246,0.0
60156,0.0
15141,2.0
22757,2.0
36838,0.0
29727,2.0
53949,0.0
34590,2.0
32012,2.0
59436,0.0
40875,2.0
5840,0.0
21586,0.0
40297,2.0
51865,2.0
65402,2.0
30837,2.0
39418,0.0
6570,0.0
42090,0.0
45580,2.0
46894,0.0
13801,2.0
51193,0.0
44923,2.0
1710,0.0
5319,2.0
9780,0.0
55130,2.0
56213,0.0
1069,2.0
36716,2.0
63638,2.0
1581,1.0
58537,1.0
72545,0.0
11355,2.0
49186,2.0
64661,2.0
36644,0.0
8214,0.0
45861,0.0
40752,1.0
38527,1.0
15336,1.0
33639,2.0
40740,2.0
19861,2.0
18746,2.0
61607,0.0
8424,2.0
70420,2.0
14672,2.0
60812,0.0
62092,2.0
66745,2.0
32172,2.0
39892,0.0
26305,2.0
51884,1.0
69624,2.0
64885,0.0
50286,2.0
10453,2.0
42503,0.0
54709,1.0
6454,0.0
9664,0.0
12315,2.0
62358,0.0
62645,0.0
52717,0.0
4085,2.0
30181,2.0
36399,2.0
28503,2.0
56964,2.0
7163,0.0
66137,0.0
15773,0.0
44092,2.0
58435,2.0
52158,0.0
29490,0.0
11447,0.0
3948,2.0
41507,0.0
20595,0.0
14103,2.0
1907,0.0
10465,2.0
69287,2.0
58181,2.0
51606,2.0
25384,0.0
66167,0.0
35594,2.0
10921,0.0
38645,2.0
44042,2.0
19112,2.0
9862,0.0
64569,2.0
16716,2.0
55435,2.0
71755,2.0
70636,2.0
43249,2.0
61851,2.0
27290,0.0
45644,2.0
50340,2.0
41688,2.0
544,2.0
44454,0.0
8989,0.0
21583,2.0
20108,2.0
23773,2.0
24532,2.0
73268,1.0
61066,0.0
46835,2.0
67156,2.0
46748,0.0
27142,0.0
18811,2.0
39209,2.0
58238,1.0
10070,2.0
60423,0.0
29979,0.0
44252,0.0
62999,2.0
65101,2.0
54839,2.0
29424,2.0
35956,2.0
68149,1.0
52701,2.0
61218,2.0
29081,2.0
28740,2.0
3342,2.0
25222,2.0
32240,2.0
28157,2.0
18101,2.0
38488,0.0
66073,2.0
39400,2.0
44397,2.0
32512,2.0
59946,2.0
73477,2.0
71929,2.0
26806,0.0
48504,0.0
9747,2.0
60807,2.0
22574,2.0
59079,2.0
14030,2.0
8376,2.0
32885,2.0
52073,2.0
19169,2.0
73707,0.0
14188,2.0
66088,2.0
9926,2.0
53176,2.0
22939,2.0
72383,0.0
61866,2.0
1443,2.0
3127,0.0
9076,2.0
8240,2.0
60365,2.0
32904,0.0
58627,2.0
70418,0.0
8797,0.0
25959,2.0
68768,0.0
13315,0.0
73624,2.0
58926,2.0
38463,1.0
27928,0.0
19053,0.0
6777,1.0
61646,2.0
16621,0.0
11027,0.0
6545,2.0
41561,2.0
15381,0.0
62975,2.0
13425,1.0
63178,2.0
35875,0.0
48169,2.0
12077,0.0
14279,2.0
53456,2.0
58809,0.0
59124,0.0
57028,2.0
32062,0.0
31482,2.0
7126,0.0
47248,2.0
68295,0.0
46802,2.0
47338,0.0
54090,2.0
24964,2.0
3557,2.0
11022,0.0
13276,0.0
7666,2.0
67989,2.0
58157,2.0
16043,2.0
65881,2.0
6552,2.0
50184,2.0
10356,0.0
61287,0.0
46067,1.0
41764,2.0
20059,0.0
69092,2.0
8391,0.0
35595,2.0
40432,0.0
9350,2.0
32479,0.0
43266,2.0
34235,0.0
55247,0.0
59471,2.0
48358,2.0
30929,2.0
46616,2.0
14320,0.0
48524,2.0
24702,0.0
34810,1.0
59051,2.0
28193,0.0
36735,2.0
18365,2.0
60854,2.0
66600,0.0
68849,2.0
6123,0.0
16491,0.0
57294,2.0
37793,2.0
37232,2.0
59155,2.0
62889,0.0
32187,2.0
70744,2.0
31738,2.0
44796,0.0
55383,2.0
46973,0.0
13919,2.0
52232,0.0
16113,0.0
49150,2.0
27445,2.0
11393,2.0
54754,2.0
50881,2.0
6400,0.0
40185,0.0
37500,2.0
27537,2.0
11409,2.0
68247,0.0
22909,2.0
48282,2.0
30521,0.0
16362,2.0
73909,2.0
5353,2.0
28739,0.0
47342,2.0
39260,0.0
68500,2.0
31507,2.0
11809,2.0
20330,0.0
45423,2.0
26289,1.0
25201,0.0
29116,0.0
46179,0.0
59697,1.0
46277,2.0
66021,0.0
15663,0.0
73765,0.0
62805,0.0
30370,2.0
26816,0.0
7663,0.0
41003,2.0
13834,2.0
69725,0.0
3468,0.0
72087,2.0
33668,0.0
35889,2.0
4568,2.0
36993,2.0
11695,2.0
38322,0.0
24213,1.0
46090,1.0
32925,0.0
67048,2.0
55308,0.0
6613,0.0
12301,0.0
15263,2.0
63398,2.0
10747,2.0
56637,0.0
54230,1.0
14634,2.0
53542,0.0
58597,2.0
49285,2.0
17638,0.0
12930,2.0
54739,2.0
289,2.0
50463,2.0
12956,2.0
13788,2.0
38380,2.0
34259,2.0
41973,0.0
18920,2.0
18468,0.0
47928,1.0
18547,2.0
13492,2.0
28768,1.0
45437,2.0
62354,0.0
34008,2.0
10265,2.0
58723,2.0
1763,2.0
16360,0.0
6019,2.0
44618,2.0
25943,2.0
45025,0.0
26972,0.0
25737,2.0
27924,2.0
46815,2.0
33186,2.0
66242,1.0
35088,2.0
36322,2.0
54647,0.0
65337,2.0
74187,2.0
69696,0.0
1030,0.0
3348,2.0
33322,2.0
2698,2.0
71411,0.0
55506,2.0
9049,2.0
55005,2.0
27916,2.0
59961,0.0
62919,1.0
1567,2.0
15427,2.0
27096,0.0
24088,2.0
50041,2.0
49328,0.0
61639,2.0
66546,2.0
40880,0.0
57900,2.0
29771,2.0
23572,2.0
59985,0.0
546,0.0
63116,0.0
22022,2.0
19097,0.0
8892,2.0
63252,2.0
13782,2.0
31234,1.0
3542,2.0
74045,0.0
5190,0.0
20286,2.0
21467,0.0
32166,2.0
44773,0.0
24701,0.0
31793,2.0
43820,0.0
35916,2.0
27606,2.0
28275,0.0
60924,2.0
7467,2.0
17092,2.0
64768,0.0
10442,0.0
46282,0.0
52439,2.0
55650,2.0
42113,2.0
55170,0.0
11319,0.0
2227,0.0
40760,0.0
44863,2.0
37024,0.0
29357,2.0
69888,2.0
52781,2.0
22894,0.0
34378,2.0
40213,2.0
33785,2.0
36393,0.0
39977,2.0
1128,0.0
5793,0.0
10290,2.0
2101,2.0
21897,2.0
38539,2.0
58017,2.0
61605,2.0
22738,2.0
10302,2.0
37558,0.0
26842,0.0
44433,0.0
32096,2.0
24029,2.0
3196,0.0
10737,2.0
60193,2.0
72110,1.0
54176,2.0
53181,2.0
63057,2.0
9037,2.0
66701,2.0
1938,2.0
2663,0.0
4644,2.0
20098,2.0
1366,0.0
177,0.0
31500,0.0
60853,2.0
8302,2.0
26484,2.0
35276,0.0
50652,1.0
22226,2.0
23344,2.0
29591,0.0
64007,0.0
45629,0.0
59542,2.0
25023,0.0
22094,2.0
23517,2.0
72358,0.0
63408,2.0
70921,2.0
36443,0.0
22643,2.0
3853,2.0
6833,2.0
66463,0.0
49936,2.0
49574,2.0
5975,0.0
60385,2.0
44679,0.0
14618,2.0
72696,2.0
47125,0.0
38842,0.0
10487,0.0
64212,2.0
37334,0.0
20778,2.0
65555,2.0
40686,2.0
68985,0.0
49448,0.0
73029,1.0
4159,0.0
39442,0.0
26164,0.0
53935,1.0
10370,2.0
3749,0.0
60622,0.0
9476,2.0
65913,2.0
70741,0.0
25740,2.0
41491,0.0
18159,2.0
16494,0.0
5810,2.0
19796,2.0
7045,1.0
65570,2.0
22891,0.0
12767,2.0
39097,1.0
24687,2.0
68134,0.0
62141,2.0
58568,0.0
42598,2.0
35583,0.0
64375,2.0
5384,0.0
23242,2.0
74115,2.0
38074,1.0
19756,0.0
1352,0.0
35022,0.0
47048,2.0
33849,2.0
49703,2.0
19380,2.0
12977,1.0
15560,2.0
44368,0.0
72658,2.0
9821,2.0
10771,0.0
11041,2.0
52960,2.0
35847,2.0
10956,2.0
5192,2.0
57252,0.0
25733,2.0
39685,2.0
25288,1.0
60239,2.0
25888,0.0
11832,2.0
71572,0.0
23558,0.0
38453,2.0
34114,0.0
67266,0.0
30060,2.0
60326,2.0
51870,2.0
17249,0.0
71134,2.0
64700,2.0
16397,0.0
30801,2.0
17972,0.0
29758,0.0
41348,0.0
40658,2.0
50688,0.0
39658,2.0
27105,0.0
3254,0.0
64740,2.0
47371,0.0
28529,2.0
34159,2.0
18125,2.0
64160,2.0
47625,2.0
22778,2.0
14753,0.0
47146,2.0
40154,2.0
12504,1.0
72662,2.0
65126,2.0
17016,1.0
30032,2.0
23457,0.0
36536,0.0
64134,2.0
8773,2.0
10894,0.0
29285,2.0
52830,2.0
32602,0.0
29229,0.0
34940,2.0
5083,2.0
73877,2.0
55731,0.0
39803,2.0
14325,2.0
54003,2.0
13898,0.0
54720,2.0
7893,2.0
51256,2.0
114,0.0
1927,2.0
45324,2.0
23349,0.0
27650,0.0
23052,2.0
59279,0.0
9259,0.0
47272,2.0
20456,1.0
40940,0.0
36782,2.0
53830,2.0
24779,0.0
61624,2.0
65292,2.0
13388,0.0
17099,0.0
30976,1.0
58904,0.0
63671,2.0
42643,2.0
60654,2.0
46100,2.0
797,2.0
58383,2.0
35636,2.0
58718,2.0
28963,0.0
55649,2.0
21378,0.0
28239,2.0
43888,2.0
8727,2.0
8595,2.0
26737,0.0
51959,2.0
72013,0.0
63594,2.0
60022,2.0
15434,2.0
49810,2.0
23216,0.0
47541,2.0
66121,0.0
41381,2.0
59846,2.0
59407,2.0
58706,2.0
881,2.0
47445,0.0
3021,2.0
10802,2.0
25638,2.0
67839,2.0
68240,2.0
38959,2.0
13155,2.0
56721,0.0
58068,2.0
9523,2.0
58464,2.0
24049,2.0
74144,0.0
73403,2.0
46233,1.0
61046,2.0
53173,2.0
59097,2.0
41924,0.0
67584,2.0
7856,0.0
52435,0.0
2748,2.0
44113,2.0
20288,2.0
67725,2.0
65124,0.0
48463,2.0
12488,2.0
35832,0.0
48244,2.0
49148,2.0
22715,0.0
9147,2.0
39660,2.0
67295,0.0
61853,2.0
52846,0.0
45089,0.0
14272,1.0
6108,1.0
4851,2.0
18256,2.0
68937,1.0
22809,0.0
33433,0.0
69657,0.0
54390,2.0
44089,2.0
24498,2.0
59811,2.0
71434,0.0
48240,2.0
15053,0.0
54395,2.0
15700,2.0
41265,2.0
56738,2.0
54514,2.0
55339,2.0
3408,0.0
41631,0.0
71112,1.0
17691,2.0
56640,0.0
59872,0.0
52633,2.0
5842,0.0
37177,2.0
25297,0.0
44971,2.0
2957,2.0
5892,2.0
64672,2.0
58644,2.0
20028,2.0
2461,0.0
34027,0.0
18462,2.0
65309,0.0
28714,0.0
30241,2.0
25683,0.0
6286,2.0
18114,0.0
71865,2.0
57730,0.0
71588,0.0
53749,2.0
60692,0.0
45406,2.0
12621,0.0
33978,2.0
6388,2.0
17731,2.0
70686,0.0
50082,0.0
67233,0.0
6905,2.0
900,0.0
34092,0.0
33958,0.0
6685,2.0
45338,2.0
17383,0.0
14258,2.0
35348,1.0
3214,2.0
56172,2.0
61420,0.0
22999,0.0
4019,1.0
62929,0.0
70968,1.0
36696,0.0
73631,0.0
56109,2.0
52880,2.0
13240,0.0
46344,0.0
62041,2.0
71158,2.0
16184,2.0
46970,0.0
29134,0.0
46288,2.0
2236,2.0
65043,1.0
48650,2.0
38750,0.0
37241,0.0
60370,0.0
41404,0.0
34182,0.0
46444,1.0
72146,2.0
68191,0.0
36108,2.0
33447,2.0
65609,2.0
3048,1.0
11666,2.0
60990,0.0
27204,2.0
14195,2.0
13732,0.0
9192,0.0
63139,0.0
7813,0.0
25164,2.0
50416,0.0
60289,2.0
1990,0.0
32268,2.0
72462,0.0
28675,2.0
33619,0.0
19014,2.0
27962,0.0
7165,1.0
57636,0.0
35571,0.0
42443,0.0
54158,2.0
67552,2.0
41755,2.0
21244,2.0
739,2.0
31898,2.0
44544,0.0
56562,2.0
12314,0.0
59201,0.0
35131,0.0
71431,0.0
3415,2.0
55989,2.0
10634,2.0
35411,1.0
55969,2.0
30256,2.0
52816,2.0
459,0.0
36692,2.0
17326,0.0
63029,2.0
71903,0.0
32719,2.0
55467,0.0
59883,0.0
72541,1.0
24933,2.0
42098,0.0
68547,2.0
52772,2.0
61132,0.0
4788,0.0
7437,2.0
67943,2.0
52687,2.0
31249,2.0
15582,0.0
20293,0.0
42646,2.0
48119,2.0
30912,0.0
28599,2.0
12715,2.0
26008,2.0
59423,2.0
57823,2.0
954,0.0
20987,2.0
37967,0.0
67644,2.0
867,0.0
29063,0.0
36850,2.0
48644,2.0
59587,0.0
48849,0.0
32775,0.0
51671,0.0
51983,0.0
11127,1.0
68199,2.0
28762,2.0
64794,1.0
44171,2.0
5504,2.0
26246,1.0
8509,0.0
73322,2.0
73055,0.0
998,0.0
23765,0.0
73410,0.0
39602,2.0
17900,2.0
24242,1.0
10807,0.0
45954,2.0
21072,0.0
68153,2.0
50078,2.0
23007,0.0
19405,2.0
35793,2.0
39819,2.0
21512,0.0
30710,2.0
44654,0.0
22335,2.0
17327,0.0
40068,0.0
28327,0.0
10249,2.0
24012,2.0
42813,2.0
66526,2.0
21085,2.0
26644,2.0
9763,0.0
1321,0.0
51068,2.0
53206,2.0
51512,2.0
35867,0.0
48398,0.0
21517,2.0
21353,0.0
20027,0.0
48671,0.0
49483,2.0
28103,2.0
62941,2.0
20902,2.0
2607,1.0
40093,2.0
3078,1.0
48507,2.0
117,2.0
22690,0.0
15974,0.0
62686,1.0
39317,2.0
52198,2.0
24431,2.0
27890,0.0
53116,2.0
70169,2.0
22974,0.0
65672,0.0
15641,2.0
64758,2.0
44585,0.0
30817,0.0
36839,2.0
53308,2.0
19518,2.0
37316,1.0
55449,0.0
70155,0.0
59409,0.0
72853,2.0
30187,0.0
36406,2.0
1012,0.0
57222,0.0
25273,1.0
46038,2.0
68259,0.0
43204,1.0
13080,2.0
28649,2.0
46696,0.0
61615,2.0
30679,2.0
57815,2.0
33724,0.0
1993,2.0
10144,2.0
28763,2.0
57291,2.0
48468,0.0
39304,2.0
30347,2.0
18742,0.0
30369,0.0
21346,0.0
68881,0.0
23008,0.0
14920,0.0
6931,0.0
56939,0.0
56041,2.0
66625,0.0
71096,2.0
71846,0.0
41529,2.0
19635,0.0
23378,2.0
382,2.0
58653,0.0
20539,2.0
4144,2.0
11824,2.0
9323,2.0
5861,2.0
73146,2.0
66305,2.0
48684,0.0
71085,2.0
71163,2.0
8334,0.0
69303,0.0
66867,0.0
19156,2.0
31147,2.0
12590,2.0
73689,2.0
31874,2.0
1266,2.0
40780,2.0
35972,2.0
25580,2.0
12388,1.0
29096,0.0
3453,0.0
34240,2.0
17933,2.0
22685,2.0
18066,0.0
22700,0.0
32678,2.0
37945,0.0
10803,2.0
45005,2.0
9235,0.0
51495,1.0
37757,0.0
65861,0.0
16449,2.0
22893,2.0
52608,0.0
63628,2.0
59472,2.0
31161,0.0
4912,2.0
28952,2.0
16537,2.0
44388,2.0
57345,2.0
23629,0.0
51167,0.0
22005,0.0
21024,2.0
68086,2.0
1891,0.0
11372,0.0
57969,1.0
63121,0.0
21532,2.0
49702,2.0
21732,1.0
20065,0.0
15924,2.0
31443,2.0
18026,0.0
43651,2.0
1254,2.0
17817,0.0
34944,0.0
62548,2.0
57909,2.0
18743,2.0
55224,1.0
13553,2.0
45282,0.0
3585,2.0
12780,2.0
63081,2.0
55568,2.0
61483,2.0
15883,2.0
2130,2.0
47348,2.0
39388,2.0
32279,2.0
73208,0.0
22139,2.0
45098,2.0
18922,0.0
26570,2.0
17704,0.0
17261,0.0
662,2.0
34293,0.0
27377,2.0
29111,2.0
61829,1.0
24472,2.0
39125,2.0
33946,0.0
43374,0.0
22729,0.0
15878,2.0
44211,2.0
46881,1.0
71900,0.0
26103,2.0
52631,0.0
37959,0.0
71095,2.0
3440,0.0
63662,2.0
3082,2.0
24226,2.0
7571,2.0
39482,2.0
11909,2.0
67823,2.0
58931,0.0
66816,0.0
10181,0.0
71011,2.0
66378,0.0
58402,0.0
23444,2.0
69044,0.0
39083,2.0
36192,2.0
46455,2.0
32460,0.0
64181,2.0
1025,0.0
72756,1.0
8737,2.0
34956,0.0
12896,2.0
45807,2.0
25581,2.0
51175,2.0
2466,0.0
48255,2.0
62377,0.0
29535,2.0
24825,1.0
52735,0.0
74000,0.0
32259,2.0
19608,0.0
29261,2.0
38523,0.0
72176,2.0
23779,2.0
7986,0.0
42460,2.0
40742,0.0
57503,1.0
55177,2.0
51446,0.0
50506,2.0
64103,0.0
56404,2.0
39721,2.0
9158,0.0
63490,1.0
458,2.0
22766,0.0
57868,2.0
1430,0.0
46195,0.0
55703,0.0
47309,0.0
37234,0.0
73479,2.0
44582,0.0
31985,0.0
17335,2.0
71770,0.0
37956,2.0
5398,2.0
42809,2.0
49764,0.0
62536,0.0
17773,2.0
21862,0.0
17149,0.0
23108,2.0
67680,0.0
48003,2.0
7778,2.0
16638,0.0
29710,2.0
66032,2.0
49247,0.0
33021,0.0
40140,0.0
2110,2.0
65437,2.0
53529,0.0
33866,0.0
10232,0.0
22539,2.0
18085,0.0
37109,2.0
71235,0.0
15795,0.0
5154,0.0
59484,2.0
63120,0.0
5202,0.0
23348,2.0
7945,2.0
72365,0.0
28119,2.0
59625,0.0
6335,2.0
283,2.0
8349,2.0
27363,0.0
65558,0.0
46660,0.0
72524,0.0
29232,0.0
19827,2.0
20101,2.0
12982,2.0
44160,2.0
13474,1.0
68460,1.0
12184,2.0
52061,2.0
29714,2.0
27485,0.0
14832,2.0
66916,2.0
71146,2.0
16269,2.0
697,2.0
47766,1.0
64735,0.0
42005,2.0
4357,0.0
36431,0.0
52262,2.0
35510,2.0
754,2.0
47429,2.0
38039,2.0
28647,0.0
15807,0.0
56674,0.0
7764,0.0
1641,2.0
8328,2.0
56824,2.0
58671,2.0
43837,2.0
19645,2.0
44738,0.0
16423,1.0
44937,2.0
28523,2.0
1686,1.0
22570,0.0
542,2.0
25793,2.0
24972,2.0
41154,0.0
29305,0.0
1977,2.0
28370,2.0
66422,2.0
71808,2.0
39996,0.0
58875,2.0
72186,2.0
31816,1.0
30634,2.0
68717,2.0
15027,2.0
33875,2.0
73876,0.0
21696,2.0
13088,0.0
15803,0.0
13997,2.0
71454,2.0
66472,0.0
24879,0.0
49251,2.0
17312,0.0
50591,1.0
54731,2.0
17539,0.0
49382,0.0
19178,0.0
3092,2.0
34134,1.0
33216,2.0
35778,0.0
10110,2.0
67646,0.0
14092,2.0
48180,0.0
44248,0.0
17192,0.0
7307,2.0
56257,2.0
23334,2.0
2045,0.0
6068,0.0
58872,2.0
10104,2.0
53729,2.0
68910,2.0
45428,0.0
19096,2.0
4669,0.0
67628,2.0
15888,0.0
39439,2.0
15938,0.0
30739,0.0
27400,0.0
61937,2.0
51373,0.0
63907,1.0
52953,2.0
23902,2.0
55282,2.0
9438,0.0
21105,2.0
56822,2.0
26752,0.0
4924,2.0
28246,2.0
20836,0.0
51547,0.0
62653,2.0
47952,2.0
12849,0.0
2676,2.0
27100,2.0
27018,0.0
63251,2.0
44876,0.0
33580,2.0
34617,2.0
417,2.0
27340,2.0
59093,0.0
24581,0.0
49711,0.0
15769,2.0
17502,0.0
6730,2.0
9265,2.0
50258,0.0
10381,2.0
64213,2.0
47159,2.0
35162,2.0
70443,0.0
32186,2.0
25,2.0
27662,2.0
49228,0.0
69375,2.0
20899,0.0
33484,2.0
45323,2.0
56551,0.0
23645,0.0
73241,0.0
20715,2.0
30579,2.0
45121,2.0
3212,2.0
65934,1.0
26814,2.0
65957,2.0
1835,1.0
41552,0.0
10313,0.0
45628,0.0
38853,0.0
12310,0.0
46458,2.0
71850,2.0
46449,2.0
18946,2.0
64952,2.0
56595,2.0
46115,0.0
23137,0.0
28512,2.0
4106,0.0
31240,0.0
29782,1.0
13246,0.0
20029,0.0
13439,1.0
21339,0.0
29718,2.0
72463,2.0
70331,0.0
20592,0.0
18175,2.0
57965,2.0
57954,0.0
19034,2.0
24838,2.0
50519,2.0
12901,0.0
63829,2.0
51509,2.0
39917,0.0
34156,2.0
20221,2.0
13342,1.0
61212,0.0
20000,0.0
57563,0.0
74237,0.0
20590,0.0
14994,0.0
31062,2.0
7728,2.0
14168,2.0
53880,2.0
28051,0.0
24359,2.0
72603,0.0
2926,2.0
58964,2.0
57834,2.0
70516,2.0
12943,2.0
39454,2.0
7535,0.0
58969,0.0
53411,2.0
5979,0.0
65131,2.0
4780,0.0
27823,0.0
17209,2.0
34169,0.0
26697,0.0
66252,0.0
25630,2.0
20687,2.0
38757,2.0
24676,0.0
64927,2.0
51945,0.0
39811,2.0
33973,2.0
60447,2.0
28863,0.0
42111,0.0
42401,2.0
49445,2.0
60639,0.0
69902,0.0
24911,2.0
53641,2.0
36621,0.0
70999,0.0
56222,2.0
9464,2.0
8019,0.0
52823,2.0
33181,2.0
19865,2.0
57688,0.0
15816,2.0
65266,2.0
46018,0.0
72895,2.0
31650,2.0
14351,2.0
70419,0.0
68727,1.0
38129,1.0
50443,0.0
7563,2.0
32722,0.0
11003,0.0
24746,2.0
29587,0.0
56980,2.0
20824,2.0
26407,2.0
23642,0.0
14575,1.0
24143,2.0
31753,0.0
7412,2.0
73390,2.0
16560,0.0
15677,0.0
60831,0.0
58300,0.0
30963,0.0
59638,2.0
19911,2.0
1915,2.0
64522,0.0
64628,2.0
20341,2.0
32551,2.0
44269,0.0
67099,2.0
27425,2.0
64132,1.0
23737,0.0
14511,0.0
19758,0.0
11099,2.0
45651,2.0
50869,2.0
70713,1.0
44336,0.0
16824,0.0
51325,2.0
49557,2.0
65015,2.0
69489,1.0
12627,0.0
56268,2.0
40452,2.0
68198,0.0
45349,0.0
47094,0.0
3802,2.0
12276,2.0
72268,0.0
63675,2.0
38680,2.0
22624,0.0
17726,0.0
61952,2.0
70795,2.0
9085,0.0
45411,0.0
2405,2.0
21110,2.0
65486,0.0
8579,2.0
12494,0.0
62980,2.0
10344,0.0
63885,0.0
52299,0.0
46296,0.0
52532,2.0
60577,2.0
60275,2.0
47824,2.0
30485,2.0
48465,1.0
51842,2.0
15073,2.0
55040,0.0
19634,2.0
173,2.0
8197,0.0
30792,0.0
52899,0.0
32763,2.0
55013,1.0
52806,2.0
32644,2.0
18986,2.0
35680,2.0
56046,2.0
8156,0.0
58839,2.0
20911,0.0
36563,0.0
20939,2.0
44715,2.0
63923,2.0
54482,2.0
32738,0.0
937,2.0
1242,0.0
57129,2.0
31734,0.0
5086,2.0
63365,2.0
17628,0.0
20128,2.0
7793,2.0
17242,2.0
69864,2.0
37616,0.0
12212,0.0
71327,0.0
47326,2.0
34703,2.0
68400,2.0
74051,0.0
35525,0.0
65745,0.0
57874,2.0
42638,0.0
32830,2.0
15481,2.0
62845,2.0
10292,0.0
7423,2.0
73883,2.0
67824,0.0
33032,0.0
60049,2.0
56392,2.0
51202,0.0
49823,2.0
23521,2.0
73594,0.0
10146,0.0
7386,2.0
21255,2.0
44543,2.0
67227,2.0
50191,0.0
55683,2.0
22585,0.0
36955,2.0
31884,0.0
4387,2.0
60878,0.0
3657,2.0
56298,0.0
19830,2.0
8350,2.0
20927,2.0
37844,0.0
5420,0.0
65533,0.0
34017,0.0
2118,2.0
43126,2.0
43891,2.0
32056,2.0
73009,2.0
4992,2.0
10706,2.0
67177,2.0
33274,0.0
430,2.0
36845,2.0
7906,0.0
62492,0.0
14437,2.0
59119,2.0
33826,2.0
66279,2.0
69585,0.0
49498,0.0
28231,2.0
21986,2.0
43178,0.0
44736,2.0
14875,0.0
11555,1.0
30740,2.0
30039,2.0
13027,0.0
53154,2.0
57667,0.0
73508,2.0
10094,0.0
67121,1.0
54627,0.0
23491,1.0
17128,0.0
27078,2.0
59459,0.0
14303,2.0
17430,1.0
67208,2.0
17794,2.0
8823,2.0
60589,0.0
61998,2.0
54757,0.0
34520,2.0
12914,2.0
23541,0.0
47686,2.0
23632,0.0
65371,0.0
55518,0.0
64618,1.0
47748,0.0
10519,2.0
50431,0.0
8161,0.0
64792,2.0
51404,2.0
47177,2.0
22053,0.0
46227,2.0
62001,2.0
16543,0.0
1406,1.0
72163,0.0
3406,2.0
58732,2.0
770,2.0
45117,2.0
32976,0.0
70235,0.0
72076,1.0
19938,2.0
28858,2.0
57116,2.0
67236,0.0
3329,2.0
27108,0.0
46919,2.0
34513,0.0
18312,2.0
26902,0.0
73495,0.0
23247,0.0
39101,2.0
35360,2.0
70894,0.0
41681,0.0
67606,2.0
58547,2.0
1662,2.0
9010,2.0
15686,0.0
59351,0.0
22630,2.0
6768,2.0
51904,0.0
41514,2.0
25657,2.0
10382,2.0
5386,2.0
60148,2.0
73996,0.0
56410,2.0
62437,0.0
66350,0.0
64652,2.0
43141,2.0
64274,2.0
67203,2.0
53606,2.0
58107,1.0
30146,0.0
45778,0.0
8607,2.0
71530,2.0
57151,2.0
41976,0.0
69709,2.0
10300,0.0
9108,0.0
67635,2.0
9234,2.0
12202,2.0
10374,0.0
2543,2.0
62167,2.0
59604,2.0
65148,0.0
16313,2.0
1302,2.0
53481,2.0
66241,2.0
16214,2.0
6718,2.0
26836,0.0
62832,0.0
51954,2.0
58838,2.0
22522,1.0
11320,2.0
15120,0.0
59445,0.0
21948,2.0
54903,2.0
62713,0.0
66507,2.0
71167,2.0
40187,2.0
46679,1.0
23546,2.0
44646,2.0
40069,1.0
11856,0.0
21014,2.0
53038,2.0
30084,2.0
49645,2.0
43317,0.0
41038,0.0
70549,2.0
73063,2.0
16164,2.0
56842,0.0
29679,0.0
61962,2.0
41006,0.0
60402,2.0
21729,2.0
33051,0.0
43799,2.0
40767,2.0
29702,2.0
47813,0.0
9025,2.0
13796,2.0
37179,2.0
42629,2.0
43636,2.0
24817,0.0
36584,2.0
4990,0.0
22662,0.0
29448,0.0
40488,2.0
48094,0.0
33068,2.0
15731,0.0
30149,0.0
45047,2.0
53006,2.0
19399,2.0
63824,0.0
192,2.0
36422,2.0
72751,2.0
73230,2.0
61419,2.0
15043,2.0
6697,2.0
15365,2.0
9135,2.0
39396,2.0
22113,2.0
63786,2.0
15521,2.0
39528,2.0
30327,2.0
2307,2.0
37320,2.0
72242,0.0
29815,2.0
53249,2.0
27933,2.0
49918,2.0
4351,0.0
57063,2.0
69851,0.0
58661,0.0
46609,2.0
48185,0.0
44950,2.0
23468,0.0
34448,0.0
59086,2.0
5265,2.0
45607,2.0
13551,0.0
41496,2.0
1104,0.0
57322,2.0
36550,2.0
2904,2.0
14815,2.0
72212,0.0
16674,2.0
59570,2.0
61090,2.0
28792,2.0
53321,0.0
61048,2.0
23678,2.0
14047,0.0
48651,2.0
4369,2.0
29704,2.0
15851,0.0
37900,0.0
55997,2.0
67545,2.0
49313,2.0
52067,0.0
30062,2.0
70324,0.0
16163,2.0
64174,2.0
36123,2.0
41358,0.0
64946,2.0
1950,2.0
10692,0.0
28836,2.0
47610,2.0
892,2.0
71125,1.0
61976,2.0
63798,2.0
57903,2.0
7055,1.0
6728,0.0
26390,2.0
3164,0.0
31578,0.0
65454,0.0
7124,2.0
13709,2.0
44849,0.0
7841,0.0
49006,2.0
65832,0.0
23416,2.0
69475,2.0
8991,2.0
39112,2.0
62316,2.0
61204,2.0
57820,0.0
52229,0.0
59815,2.0
19741,2.0
14000,0.0
14420,2.0
27112,0.0
1268,0.0
55605,0.0
51201,2.0
37259,2.0
1818,0.0
68291,2.0
49995,2.0
8716,2.0
9301,2.0
21332,1.0
71182,2.0
70020,2.0
17754,0.0
26761,2.0
47535,2.0
61402,0.0
46052,0.0
57088,2.0
50149,0.0
21137,2.0
36967,2.0
47203,2.0
52910,2.0
37164,0.0
8562,2.0
13450,2.0
71732,2.0
42203,2.0
23969,0.0
45009,2.0
5335,2.0
34577,0.0
44044,0.0
35003,0.0
7372,2.0
11168,2.0
46210,2.0
17310,0.0
55721,0.0
62287,2.0
32586,0.0
10494,0.0
43444,2.0
45953,0.0
34766,0.0
60836,0.0
31741,0.0
49175,2.0
23365,0.0
44993,0.0
58124,0.0
73931,2.0
40038,2.0
61358,2.0
54443,2.0
69386,2.0
30923,2.0
58957,2.0
39428,2.0
18626,2.0
36773,1.0
58299,2.0
61272,2.0
19913,2.0
53557,0.0
73732,0.0
46013,1.0
47093,2.0
31220,2.0
15161,2.0
68321,2.0
58365,0.0
66932,0.0
24578,0.0
53845,2.0
27914,1.0
4445,2.0
7953,0.0
54381,2.0
36524,2.0
71887,0.0
11219,2.0
49584,2.0
25110,2.0
6457,2.0
46842,0.0
72289,1.0
32242,2.0
41023,0.0
71652,0.0
57517,2.0
23596,2.0
62183,2.0
22664,0.0
26234,0.0
61023,0.0
7322,2.0
58944,2.0
8764,2.0
24599,2.0
60976,0.0
28692,2.0
21409,2.0
31890,0.0
58368,0.0
55139,2.0
14204,0.0
4206,0.0
16417,0.0
25317,2.0
29971,0.0
65497,2.0
6483,0.0
25074,2.0
60662,2.0
52391,0.0
66991,0.0
15228,2.0
35669,1.0
13882,0.0
63191,2.0
41606,2.0
49950,0.0
23506,0.0
49876,0.0
95,0.0
68813,2.0
9012,2.0
36409,0.0
27982,2.0
46744,2.0
45714,2.0
58192,2.0
4132,2.0
44230,2.0
54623,0.0
12474,2.0
53660,2.0
54154,2.0
14291,2.0
10611,2.0
34366,0.0
14988,1.0
70717,2.0
39487,0.0
28537,0.0
15218,2.0
12995,2.0
73015,0.0
37449,2.0
11139,2.0
72140,2.0
17807,2.0
71340,0.0
35015,0.0
12024,2.0
34592,0.0
50493,2.0
4065,0.0
38563,0.0
36959,0.0
35119,0.0
37107,0.0
66702,2.0
48279,2.0
17881,2.0
59063,0.0
49064,2.0
29856,0.0
44292,2.0
7,2.0
68392,2.0
17304,0.0
7537,0.0
41429,2.0
15081,0.0
8137,0.0
73371,0.0
5179,0.0
64539,0.0
66330,0.0
55364,0.0
46774,2.0
42083,0.0
25165,2.0
8856,2.0
62847,2.0
27486,2.0
38809,0.0
3688,2.0
30587,0.0
66639,2.0
67563,0.0
51973,2.0
49872,0.0
58834,2.0
9480,2.0
30293,0.0
40550,2.0
28593,0.0
42523,2.0
18668,0.0
53137,0.0
23543,0.0
13658,0.0
8230,2.0
9294,0.0
325,0.0
1194,2.0
25939,0.0
35058,2.0
57647,0.0
71060,2.0
38980,2.0
35816,2.0
13535,2.0
3966,0.0
73389,2.0
54533,2.0
62252,0.0
32785,2.0
20076,2.0
14305,2.0
46576,2.0
49386,0.0
43756,2.0
39522,2.0
15444,0.0
35988,2.0
53013,2.0
11390,2.0
32257,0.0
28414,0.0
46786,0.0
48662,0.0
7461,2.0
41125,0.0
48685,2.0
44925,1.0
42585,2.0
16566,0.0
66778,2.0
12450,0.0
21242,2.0
28825,0.0
7942,0.0
24450,2.0
5471,0.0
34404,2.0
68934,0.0
9638,0.0
19068,0.0
26106,2.0
67939,2.0
35143,2.0
46678,0.0
22129,0.0
48909,2.0
70531,0.0
1882,2.0
10718,2.0
46310,2.0
58419,2.0
32037,2.0
11774,2.0
33564,0.0
37536,2.0
39678,2.0
3007,0.0
10701,2.0
71007,2.0
70242,0.0
27999,0.0
32127,2.0
31591,2.0
50962,0.0
53629,2.0
11294,2.0
38872,0.0
47483,1.0
54438,1.0
14456,2.0
59452,2.0
13724,0.0
27093,0.0
5363,2.0
53016,2.0
45763,2.0
29412,2.0
51252,2.0
38803,0.0
66258,2.0
31247,0.0
20869,0.0
31743,0.0
49260,2.0
38737,0.0
61542,1.0
65534,0.0
70168,2.0
55159,2.0
4182,2.0
49320,2.0
1732,2.0
69013,2.0
33478,2.0
23633,2.0
61349,0.0
66486,1.0
60318,2.0
68583,2.0
27983,2.0
19870,2.0
45260,0.0
9836,0.0
7232,2.0
21808,1.0
50625,0.0
74057,1.0
24287,0.0
26643,2.0
46898,0.0
55488,2.0
24228,0.0
52791,2.0
47856,2.0
13769,2.0
40375,1.0
13205,0.0
58139,0.0
59687,2.0
61017,0.0
28336,2.0
12521,2.0
21431,2.0
54044,2.0
7611,2.0
40051,2.0
12384,0.0
69522,0.0
12577,0.0
72419,2.0
71547,0.0
55941,0.0
17250,2.0
53710,0.0
2004,2.0
72455,0.0
31859,0.0
1930,2.0
14072,2.0
50197,2.0
31600,0.0
59190,0.0
13966,0.0
49504,2.0
40709,0.0
14340,0.0
33329,2.0
16140,2.0
55592,2.0
13102,0.0
73326,2.0
8720,2.0
75,0.0
33263,2.0
33399,0.0
7677,2.0
19102,1.0
41324,0.0
16721,0.0
45396,0.0
22378,2.0
3702,2.0
73209,2.0
34793,2.0
34573,2.0
20018,2.0
31394,1.0
61729,2.0
25619,2.0
63114,0.0
62417,2.0
56428,2.0
30418,2.0
18361,1.0
65427,0.0
32697,2.0
65761,2.0
13659,0.0
59133,2.0
8030,0.0
51704,2.0
23206,2.0
21401,2.0
1060,0.0
34497,0.0
61584,0.0
11450,0.0
32621,0.0
11522,2.0
70909,2.0
14322,0.0
7364,2.0
31403,2.0
49630,2.0
40771,0.0
42200,0.0
2727,0.0
37695,2.0
52362,2.0
49075,0.0
65045,2.0
28476,0.0
49094,2.0
8696,0.0
55356,0.0
28771,0.0
50675,2.0
23307,2.0
42027,2.0
66464,0.0
4169,2.0
29589,1.0
6016,2.0
35581,2.0
50277,2.0
28218,0.0
40970,2.0
17162,2.0
63816,2.0
39757,0.0
13022,2.0
48731,2.0
73311,0.0
19885,0.0
49955,2.0
15845,2.0
38714,0.0
9812,0.0
1524,1.0
16290,2.0
38929,2.0
69113,2.0
9256,2.0
63953,2.0
60394,0.0
2827,0.0
72785,0.0
62111,0.0
45782,0.0
33980,2.0
73850,2.0
50357,0.0
71888,2.0
8185,2.0
71376,1.0
7418,0.0
30368,2.0
35275,0.0
59250,2.0
22189,0.0
4718,2.0
71901,0.0
50092,2.0
60711,2.0
18120,0.0
983,2.0
58705,0.0
1726,0.0
48123,1.0
18557,2.0
62261,0.0
5893,2.0
24856,0.0
38265,2.0
21866,2.0
9562,2.0
19226,1.0
27031,0.0
5920,2.0
35701,2.0
24714,2.0
52003,2.0
47622,0.0
47288,2.0
46742,0.0
29191,2.0
19892,0.0
49571,0.0
38886,0.0
25555,2.0
20936,0.0
67822,2.0
29376,2.0
21955,2.0
22864,1.0
23087,2.0
26538,0.0
8630,2.0
22564,0.0
25802,0.0
39511,0.0
42455,2.0
56787,2.0
7968,0.0
64615,2.0
4041,1.0
26450,2.0
72731,0.0
51375,2.0
38369,2.0
34043,0.0
71037,2.0
3924,2.0
19751,0.0
59814,0.0
44096,0.0
46638,2.0
29988,0.0
58843,0.0
13886,0.0
61479,0.0
63237,2.0
14449,2.0
1249,0.0
28927,0.0
57573,2.0
19846,0.0
50974,0.0
46749,2.0
56956,1.0
65884,0.0
35553,2.0
59467,0.0
50861,0.0
38258,2.0
70670,2.0
7186,0.0
9695,2.0
43213,2.0
44288,2.0
40524,2.0
14138,1.0
25150,0.0
6920,0.0
4522,0.0
42838,0.0
50523,2.0
62854,0.0
70996,2.0
57053,0.0
29092,2.0
69860,0.0
45637,0.0
62380,2.0
53968,2.0
39057,2.0
40712,2.0
7880,2.0
53334,0.0
28342,0.0
24348,2.0
64967,2.0
36643,0.0
12094,2.0
67751,0.0
60304,0.0
27705,2.0
70634,2.0
19814,0.0
64487,0.0
58502,2.0
53399,0.0
51219,2.0
60203,2.0
24054,0.0
44122,2.0
4188,2.0
16509,2.0
26723,0.0
67123,2.0
19162,0.0
54296,2.0
8088,0.0
51358,2.0
7654,0.0
68811,2.0
51237,2.0
63086,0.0
20582,2.0
27433,0.0
20976,2.0
2422,0.0
35718,0.0
65102,2.0
63609,2.0
49384,0.0
36328,2.0
48498,0.0
59588,2.0
49819,2.0
41577,0.0
2480,2.0
67365,2.0
21459,2.0
769,2.0
29403,2.0
72118,0.0
14147,2.0
52493,2.0
41272,2.0
15557,2.0
73895,0.0
32206,2.0
59365,1.0
30209,0.0
73603,2.0
34698,2.0
13329,2.0
46073,2.0
65559,0.0
10584,0.0
70458,1.0
60284,0.0
51875,2.0
34101,0.0
3126,2.0
842,0.0
32270,1.0
46321,2.0
44169,0.0
63,0.0
54977,2.0
43740,0.0
49999,2.0
15410,2.0
38880,2.0
397,2.0
19056,2.0
30768,0.0
70319,2.0
51096,0.0
46064,2.0
59405,2.0
50702,0.0
3277,0.0
28463,2.0
12302,2.0
8205,0.0
64878,2.0
72233,2.0
22760,0.0
61500,0.0
16312,0.0
12718,0.0
39416,2.0
61371,0.0
28929,2.0
28916,2.0
45454,2.0
36618,2.0
36785,2.0
22659,0.0
25840,0.0
59095,0.0
16808,2.0
35210,2.0
40577,2.0
72527,2.0
2529,2.0
45900,2.0
31038,1.0
15729,0.0
59681,2.0
29383,2.0
11762,1.0
8779,0.0
62125,1.0
42751,2.0
1293,2.0
24796,0.0
54080,2.0
60202,2.0
50072,0.0
20764,0.0
73391,0.0
53342,2.0
61905,2.0
48885,0.0
69605,2.0
34651,0.0
42964,2.0
64552,2.0
26203,2.0
7359,2.0
21905,0.0
10183,0.0
54338,2.0
70644,2.0
24087,0.0
11196,2.0
32184,0.0
25551,2.0
66980,2.0
24379,0.0
19139,0.0
65656,0.0
73816,2.0
27067,2.0
47105,2.0
54358,2.0
28324,2.0
61828,2.0
52438,2.0
72798,2.0
2483,0.0
26321,2.0
49649,2.0
62142,0.0
66259,0.0
55712,2.0
264,0.0
63865,0.0
48940,0.0
36938,0.0
2711,2.0
10148,2.0
52366,2.0
26490,0.0
23434,0.0
37587,2.0
67719,2.0
16437,2.0
23482,0.0
1227,0.0
58028,2.0
70646,0.0
1304,2.0
4457,0.0
4198,2.0
58188,2.0
30051,2.0
34702,2.0
47182,2.0
29698,2.0
66282,2.0
17911,0.0
29818,2.0
21633,0.0
24577,0.0
45577,0.0
41374,2.0
28721,0.0
45605,2.0
34768,2.0
2756,2.0
18456,2.0
34721,2.0
42030,2.0
38606,0.0
45595,2.0
66287,2.0
64562,0.0
5599,0.0
42075,2.0
3450,0.0
24247,2.0
70623,2.0
13135,2.0
61234,2.0
32766,2.0
45477,2.0
48546,0.0
68395,1.0
25192,2.0
15338,0.0
58030,0.0
45197,0.0
32488,2.0
64719,2.0
55181,2.0
106,0.0
53352,2.0
10341,0.0
26567,2.0
18992,0.0
3992,2.0
24446,2.0
53559,2.0
54128,0.0
52374,2.0
28748,2.0
36853,2.0
3531,2.0
20496,2.0
71140,0.0
10447,2.0
65128,2.0
23593,2.0
16202,0.0
59202,2.0
64309,2.0
7766,2.0
52730,2.0
67060,2.0
15077,2.0
9408,2.0
53675,2.0
49726,2.0
63291,2.0
67956,2.0
45097,2.0
46885,2.0
43404,2.0
46309,2.0
50911,0.0
17300,2.0
57293,2.0
47016,2.0
27276,2.0
17757,2.0
34255,2.0
35975,0.0
17102,0.0
51261,2.0
13284,2.0
54630,2.0
11413,2.0
48041,2.0
20493,0.0
67615,2.0
2984,2.0
60392,2.0
44917,0.0
21632,2.0
72976,0.0
15091,0.0
61516,2.0
71265,2.0
49709,0.0
16628,0.0
39621,2.0
17718,0.0
45075,2.0
38123,0.0
57288,2.0
71482,0.0
15778,2.0
29505,2.0
56043,0.0
6643,2.0
60435,2.0
68863,2.0
26051,2.0
34470,0.0
34216,2.0
44570,2.0
59495,0.0
4896,2.0
65408,2.0
31937,2.0
28410,2.0
38906,2.0
19657,2.0
38601,2.0
29325,2.0
51061,2.0
66576,2.0
16715,2.0
48959,2.0
50438,2.0
19394,2.0
37774,2.0
66536,2.0
11019,2.0
758,2.0
61096,0.0
69162,2.0
13278,1.0
9569,0.0
26221,2.0
3852,2.0
53129,2.0
70598,0.0
13007,1.0
33867,2.0
1651,2.0
33349,0.0
68273,2.0
18597,2.0
35981,0.0
21201,2.0
17985,2.0
9116,0.0
47063,2.0
65310,2.0
33303,2.0
35044,0.0
58497,2.0
49765,2.0
49126,0.0
67849,0.0
4270,2.0
67153,2.0
19768,2.0
62165,2.0
9047,2.0
3142,2.0
54553,2.0
71255,2.0
40798,2.0
2231,2.0
50817,2.0
59042,0.0
25870,2.0
47176,2.0
1191,2.0
10605,2.0
39374,0.0
64328,2.0
14029,2.0
32099,0.0
71107,2.0
40653,2.0
37459,2.0
55196,2.0
73171,2.0
7708,0.0
52526,2.0
46376,2.0
1168,2.0
47750,2.0
37522,2.0
62962,0.0
42784,2.0
17207,2.0
62479,2.0
36958,2.0
11516,2.0
43872,0.0
68588,2.0
67892,2.0
29320,0.0
39933,2.0
51510,2.0
55448,0.0
1657,0.0
14907,2.0
21541,2.0
23289,0.0
62774,2.0
53101,2.0
3246,0.0
20458,0.0
17561,2.0
53951,0.0
6445,2.0
33872,2.0
52599,2.0
70075,0.0
7175,1.0
49280,2.0
55016,2.0
70578,0.0
7584,0.0
4634,2.0
3661,0.0
23361,0.0
34294,0.0
54074,1.0
49032,0.0
52181,0.0
51653,2.0
56384,0.0
33124,2.0
70788,2.0
993,0.0
65687,0.0
24249,0.0
22681,2.0
10048,0.0
60265,2.0
16496,2.0
6653,2.0
24165,2.0
53753,0.0
306,0.0
49079,2.0
11676,2.0
64200,2.0
70111,0.0
68250,0.0
13810,2.0
37171,0.0
69245,0.0
15057,1.0
57098,0.0
43544,0.0
28651,2.0
38799,0.0
38520,2.0
2215,0.0
45090,2.0
32737,0.0
31384,2.0
40121,2.0
70816,0.0
24743,2.0
15692,0.0
47041,2.0
16511,0.0
64716,0.0
16265,2.0
24193,0.0
71947,2.0
61996,0.0
32826,2.0
13593,2.0
67488,2.0
45041,2.0
313,0.0
5167,2.0
32051,0.0
30308,2.0
59823,0.0
44691,2.0
1155,2.0
65263,0.0
65069,0.0
5434,2.0
63747,2.0
50115,0.0
31577,0.0
13812,2.0
44787,0.0
5317,0.0
19353,2.0
5365,2.0
49778,2.0
42213,0.0
4694,2.0
60273,0.0
54611,0.0
50989,2.0
29847,2.0
57870,2.0
24270,2.0
64382,2.0
11950,2.0
65120,2.0
2372,2.0
2844,2.0
36232,2.0
17707,2.0
12546,2.0
37087,2.0
55064,0.0
14348,2.0
46675,0.0
3772,0.0
5407,2.0
13534,2.0
11523,0.0
55348,0.0
39162,2.0
49394,2.0
736,0.0
55865,2.0
31107,0.0
447,2.0
3211,0.0
44793,2.0
57889,2.0
30007,0.0
44519,2.0
32783,0.0
6915,2.0
7289,2.0
34701,2.0
8537,2.0
25134,2.0
4561,2.0
52770,2.0
45655,2.0
39532,0.0
19680,0.0
20361,0.0
54013,0.0
13749,0.0
60199,2.0
50913,2.0
30133,2.0
12809,0.0
24244,0.0
35554,0.0
73463,2.0
46523,0.0
64961,1.0
17672,2.0
23471,2.0
30372,2.0
42366,2.0
28629,2.0
10488,2.0
60229,2.0
27884,0.0
24207,0.0
50567,0.0
12555,2.0
11327,2.0
32013,2.0
50166,2.0
55458,0.0
29767,1.0
19388,0.0
15576,0.0
62987,2.0
3965,2.0
62538,0.0
44943,2.0
16143,2.0
68576,2.0
21536,0.0
41903,0.0
72525,2.0
15614,2.0
71788,0.0
70438,0.0
68715,0.0
2256,0.0
48900,1.0
9154,2.0
60857,0.0
7748,2.0
50565,2.0
70254,0.0
70944,0.0
13383,2.0
51149,2.0
67969,0.0
12084,0.0
42653,0.0
37753,0.0
19085,2.0
27847,1.0
23016,2.0
25632,2.0
17043,2.0
71056,2.0
9109,2.0
15531,0.0
19437,1.0
47722,2.0
4493,0.0
23159,2.0
28478,2.0
56139,2.0
58624,2.0
5373,2.0
14300,2.0
56845,2.0
42156,0.0
4162,0.0
19738,2.0
26968,0.0
62552,0.0
11277,0.0
11349,2.0
41630,2.0
71391,0.0
62687,0.0
54659,2.0
24314,0.0
12239,2.0
40143,2.0
1634,0.0
8301,2.0
39429,2.0
36671,0.0
29699,2.0
37144,0.0
62635,0.0
14504,2.0
262,2.0
35054,2.0
33834,2.0
43129,2.0
70037,0.0
15147,2.0
17768,2.0
18555,2.0
71723,0.0
1348,2.0
9904,2.0
38951,2.0
9813,2.0
7631,2.0
3522,2.0
24596,2.0
9924,2.0
41844,2.0
50444,2.0
7929,0.0
73524,2.0
52716,1.0
57821,0.0
25855,2.0
11254,0.0
69242,0.0
29877,0.0
41815,1.0
31599,0.0
43733,2.0
64863,0.0
32844,0.0
48257,2.0
32924,0.0
42949,0.0
52549,0.0
17895,2.0
73886,0.0
38888,0.0
69836,2.0
6059,2.0
16997,2.0
34464,0.0
38454,2.0
34011,2.0
27312,2.0
74178,2.0
64149,0.0
17087,2.0
9577,2.0
41349,2.0
53712,0.0
8127,2.0
56533,0.0
32956,2.0
49634,0.0
38409,2.0
4653,2.0
72601,2.0
15457,0.0
11948,2.0
66753,0.0
42293,2.0
61083,0.0
38712,2.0
9925,2.0
52628,2.0
12271,0.0
23200,2.0
50429,0.0
15245,0.0
939,0.0
14332,0.0
45788,0.0
46014,2.0
17570,2.0
17420,2.0
71161,2.0
15441,0.0
19858,2.0
28230,0.0
44759,0.0
31992,2.0
54068,1.0
28535,2.0
25567,2.0
15277,2.0
60286,2.0
25461,0.0
7352,0.0
55218,0.0
27631,2.0
28609,2.0
25251,2.0
59036,2.0
19474,2.0
62147,2.0
12391,0.0
107,2.0
69364,1.0
53840,0.0
52706,0.0
30712,0.0
44802,2.0
46725,0.0
56808,2.0
15791,2.0
24917,0.0
3886,2.0
50940,0.0
39987,2.0
65710,2.0
31641,0.0
45233,0.0
6559,2.0
68844,2.0
48688,0.0
32740,0.0
25425,0.0
62407,2.0
27320,2.0
35502,0.0
63659,2.0
46192,2.0
38477,0.0
10735,2.0
60143,2.0
66276,0.0
38524,2.0
47759,2.0
39241,2.0
37052,2.0
48587,2.0
34093,2.0
64507,2.0
25914,0.0
35106,2.0
32971,0.0
24633,0.0
3527,0.0
32874,0.0
10526,1.0
64832,2.0
47331,1.0
10982,0.0
72151,2.0
29366,2.0
50455,0.0
8399,2.0
53086,2.0
26887,0.0
42006,0.0
41638,0.0
23224,2.0
24504,2.0
47619,2.0
399,2.0
64398,2.0
66005,0.0
24357,0.0
13756,2.0
18310,2.0
32214,0.0
148,0.0
73825,2.0
26093,2.0
61921,0.0
55022,2.0
33675,0.0
23872,0.0
41375,0.0
36680,0.0
48428,0.0
73923,0.0
40796,0.0
62086,2.0
51969,2.0
15847,0.0
1755,2.0
68634,0.0
54357,2.0
38314,2.0
33218,0.0
73194,2.0
15391,0.0
15842,2.0
68663,1.0
16850,2.0
39825,0.0
59336,0.0
39038,2.0
42300,2.0
32445,2.0
48820,2.0
68388,2.0
14189,0.0
57110,2.0
72026,2.0
464,0.0
41461,0.0
15249,2.0
30490,2.0
58414,0.0
66211,2.0
64343,2.0
27308,1.0
32720,2.0
19561,0.0
4581,2.0
17730,2.0
10805,2.0
67388,0.0
48205,0.0
31906,2.0
10276,2.0
57205,2.0
26212,1.0
30584,0.0
2153,2.0
43833,2.0
60902,0.0
40934,2.0
63175,2.0
36717,1.0
45037,2.0
52381,2.0
18517,2.0
59085,2.0
48645,0.0
28736,0.0
56394,2.0
29193,2.0
27835,2.0
27844,2.0
49004,2.0
13993,0.0
26558,2.0
69606,2.0
72239,2.0
23183,0.0
64346,0.0
1758,2.0
26828,2.0
14430,0.0
74016,2.0
51832,0.0
71076,2.0
44267,0.0
47723,2.0
49265,0.0
5259,0.0
30028,0.0
34782,0.0
27227,2.0
30137,2.0
37460,2.0
1972,2.0
56262,2.0
71059,0.0
30906,1.0
27154,0.0
42993,0.0
502,0.0
24644,2.0
65048,2.0
70382,2.0
68138,2.0
64653,2.0
7798,2.0
16406,0.0
36125,2.0
35544,2.0
48143,0.0
33683,2.0
69532,2.0
64413,2.0
1193,2.0
6622,2.0
33857,2.0
64741,2.0
13206,2.0
5884,0.0
54845,0.0
36824,2.0
62610,0.0
26907,0.0
7653,0.0
43052,2.0
42386,0.0
32006,2.0
74033,1.0
46434,2.0
1842,0.0
23374,2.0
31172,0.0
38766,2.0
44912,0.0
23891,2.0
18002,0.0
10354,2.0
16804,1.0
47532,2.0
11707,0.0
53436,2.0
51104,2.0
38749,2.0
2287,0.0
48955,0.0
49332,0.0
7005,0.0
44996,2.0
33757,1.0
18317,1.0
43401,2.0
46651,2.0
2220,2.0
46262,2.0
18064,2.0
53046,0.0
74161,1.0
14993,2.0
73155,2.0
4012,1.0
13602,2.0
65033,2.0
67396,0.0
59857,0.0
50069,0.0
57611,0.0
56771,2.0
19406,2.0
38027,2.0
45216,0.0
54789,2.0
19404,2.0
37995,2.0
10071,1.0
55502,1.0
71844,2.0
24723,0.0
9932,2.0
70865,2.0
47916,0.0
61820,0.0
20009,2.0
17506,2.0
13233,2.0
26760,0.0
36718,0.0
1326,0.0
29829,2.0
43945,2.0
42081,0.0
70841,2.0
57263,0.0
67420,2.0
29356,0.0
30596,0.0
18298,2.0
29022,0.0
29110,2.0
67979,0.0
70084,2.0
17835,2.0
33999,2.0
66972,2.0
18933,2.0
59507,0.0
25073,2.0
41952,0.0
15759,2.0
37516,2.0
27140,2.0
3153,2.0
39713,0.0
28613,0.0
46710,2.0
59491,2.0
50020,2.0
63963,2.0
46790,0.0
50668,2.0
44661,2.0
38038,2.0
10373,2.0
45557,2.0
15944,2.0
57038,0.0
59455,0.0
42657,2.0
13187,2.0
52163,0.0
7073,2.0
28458,2.0
40992,0.0
19200,2.0
38625,2.0
50829,2.0
2385,2.0
42928,2.0
58764,0.0
10992,0.0
29929,2.0
15693,2.0
20799,2.0
40849,2.0
26618,1.0
37245,0.0
4500,2.0
17605,2.0
16634,2.0
73468,2.0
15324,2.0
47961,0.0
16051,0.0
51457,2.0
18916,2.0
8768,2.0
5120,0.0
9310,0.0
50997,2.0
1921,0.0
48113,2.0
28274,0.0
62348,2.0
48818,2.0
6759,0.0
119,2.0
17067,2.0
27490,2.0
26504,1.0
11207,0.0
62074,2.0
20559,2.0
7587,2.0
9867,2.0
8571,2.0
71920,2.0
50932,0.0
20774,0.0
66361,2.0
41906,0.0
17903,2.0
17771,0.0
44664,2.0
5339,2.0
24433,1.0
16953,0.0
56757,0.0
42180,0.0
33967,2.0
9667,0.0
29675,2.0
4398,2.0
43633,2.0
36226,0.0
648,2.0
23481,2.0
21054,2.0
14746,1.0
15609,2.0
69868,0.0
57069,2.0
47576,0.0
59995,0.0
71044,0.0
66624,0.0
19980,2.0
19343,0.0
13657,0.0
64502,0.0
71885,0.0
40284,0.0
71201,0.0
14954,2.0
26339,0.0
16041,2.0
31638,0.0
30940,0.0
47771,2.0
15747,2.0
61610,0.0
71200,0.0
28077,0.0
41137,0.0
66339,2.0
7639,2.0
21922,0.0
42562,0.0
24028,2.0
35955,2.0
24318,2.0
43795,2.0
64625,2.0
73486,0.0
45065,2.0
59984,0.0
1848,2.0
48443,2.0
46045,0.0
18195,2.0
7227,2.0
44590,2.0
56402,2.0
58690,0.0
9317,0.0
15394,2.0
52035,2.0
21288,1.0
25781,2.0
1645,0.0
54290,0.0
20119,2.0
63227,0.0
3403,2.0
12204,2.0
34806,2.0
38966,2.0
3445,0.0
15980,0.0
53039,2.0
51767,2.0
38583,0.0
54,0.0
43043,0.0
5926,2.0
56816,1.0
34026,0.0
40776,2.0
40450,0.0
58461,0.0
63864,2.0
35063,0.0
67592,2.0
29138,2.0
57259,2.0
16826,0.0
12246,2.0
53247,2.0
59464,0.0
54550,1.0
38339,0.0
24539,2.0
29622,1.0
50377,2.0
24785,2.0
21062,2.0
10653,2.0
5455,2.0
68846,0.0
35286,2.0
47189,2.0
55395,2.0
35891,2.0
33292,2.0
25561,2.0
16852,2.0
43722,0.0
73161,0.0
18284,0.0
38697,0.0
61519,2.0
8566,0.0
30663,0.0
11697,2.0
10469,2.0
62737,0.0
14390,0.0
52866,2.0
43174,2.0
34234,0.0
63942,0.0
46514,0.0
18480,2.0
19721,2.0
3842,0.0
50948,2.0
69080,2.0
50094,2.0
37216,2.0
23210,2.0
56651,0.0
45152,0.0
48592,1.0
40966,2.0
73530,2.0
10047,0.0
51781,0.0
48737,2.0
52303,1.0
40827,0.0
53752,2.0
10785,1.0
67853,0.0
62778,0.0
61382,0.0
487,2.0
48932,0.0
36383,2.0
69160,0.0
20241,0.0
49166,0.0
25757,2.0
41750,0.0
40785,2.0
29018,2.0
555,0.0
57819,2.0
58730,2.0
42142,2.0
16173,2.0
994,2.0
5651,0.0
72292,0.0
40997,2.0
33912,2.0
25661,2.0
52271,2.0
32165,2.0
12878,2.0
15603,1.0
47918,2.0
30858,2.0
44129,2.0
69094,0.0
47328,1.0
27132,0.0
18496,2.0
25377,0.0
14500,2.0
18915,0.0
68342,2.0
51038,0.0
32106,0.0
44369,2.0
30604,2.0
64236,2.0
51650,2.0
61810,2.0
61304,2.0
71493,2.0
2586,0.0
46956,0.0
70384,2.0
55311,2.0
35194,2.0
67647,2.0
56353,2.0
5977,0.0
16726,0.0
30265,2.0
7393,2.0
22805,2.0
36804,2.0
40546,2.0
6354,2.0
21625,0.0
27725,2.0
13029,2.0
56373,2.0
29945,2.0
8171,2.0
57106,2.0
19536,2.0
24330,2.0
70600,2.0
47237,2.0
53125,2.0
41482,0.0
21648,2.0
2414,2.0
3263,2.0
73865,2.0
66869,2.0
14927,0.0
22559,0.0
57087,2.0
54806,2.0
43329,2.0
6014,2.0
53169,2.0
40959,2.0
70913,2.0
62055,2.0
31372,0.0
68268,2.0
15572,2.0
32534,2.0
15630,0.0
12430,2.0
27046,2.0
27424,2.0
36504,2.0
20646,2.0
28519,2.0
22110,0.0
17741,2.0
55393,0.0
25955,2.0
8935,2.0
70172,0.0
4809,2.0
30864,2.0
71347,2.0
19215,0.0
12412,0.0
37271,2.0
53365,2.0
21643,0.0
62290,2.0
25841,0.0
42340,2.0
16130,2.0
29997,0.0
27892,2.0
42984,0.0
5327,2.0
13018,0.0
17412,0.0
57058,2.0
71300,0.0
63238,2.0
19542,2.0
58922,2.0
68521,2.0
50795,2.0
66331,2.0
3677,1.0
47239,2.0
56650,2.0
32114,0.0
12928,2.0
55531,2.0
5875,0.0
32266,0.0
66244,0.0
42583,0.0
19120,2.0
35073,0.0
44418,1.0
115,0.0
8268,2.0
35125,2.0
4748,2.0
40479,2.0
59223,2.0
2628,2.0
69718,0.0
49619,2.0
48979,2.0
38079,2.0
48542,0.0
71855,2.0
471,2.0
18605,0.0
73456,2.0
66129,0.0
23903,2.0
18741,2.0
66302,0.0
12951,0.0
16118,0.0
15537,2.0
28078,2.0
18525,2.0
16148,2.0
18460,2.0
47826,1.0
13098,0.0
13940,0.0
31680,0.0
15779,0.0
484,0.0
22357,2.0
65527,0.0
46226,0.0
52852,2.0
67290,2.0
53877,2.0
56829,2.0
3630,2.0
72674,2.0
70704,0.0
34356,2.0
17029,0.0
67906,2.0
34455,2.0
54868,1.0
8548,0.0
57848,2.0
63761,0.0
45249,0.0
36822,2.0
61127,0.0
53057,0.0
31962,2.0
1360,2.0
18732,0.0
39549,0.0
10238,0.0
41089,0.0
14225,1.0
36010,0.0
8358,2.0
26514,2.0
56898,2.0
2431,0.0
52470,2.0
25853,2.0
47829,2.0
46985,2.0
54303,2.0
23193,2.0
2245,0.0
22944,2.0
5017,2.0
4721,2.0
15247,2.0
23320,2.0
4781,2.0
23246,2.0
58042,2.0
34707,2.0
14248,2.0
7727,0.0
14734,2.0
46356,2.0
38927,2.0
54859,0.0
47971,2.0
53410,2.0
6670,2.0
32373,0.0
17877,2.0
20639,0.0
48694,2.0
35687,2.0
7072,0.0
20740,0.0
38288,2.0
52849,2.0
73741,0.0
17783,2.0
1041,2.0
68271,2.0
46314,0.0
61316,0.0
53582,2.0
32506,1.0
33020,0.0
45958,2.0
21764,0.0
34843,2.0
33271,0.0
58830,2.0
12339,0.0
55817,0.0
10900,2.0
59828,0.0
69879,2.0
46009,0.0
65513,2.0
25087,2.0
61934,2.0
49552,1.0
22487,2.0
42608,2.0
29686,2.0
41290,2.0
25170,0.0
35204,2.0
1668,1.0
70248,0.0
72213,2.0
55829,2.0
73210,0.0
18495,2.0
17225,0.0
14613,2.0
53211,1.0
16969,2.0
37580,0.0
39737,0.0
55747,0.0
30841,2.0
11010,2.0
46025,2.0
48815,2.0
67576,2.0
53921,0.0
18997,0.0
71231,2.0
49962,0.0
48238,2.0
72833,0.0
68288,2.0
42953,0.0
44446,2.0
73373,0.0
300,2.0
4105,0.0
70206,0.0
23713,2.0
65544,2.0
4008,0.0
45273,0.0
54496,0.0
72719,2.0
40159,0.0
33613,2.0
69313,2.0
11145,0.0
43540,1.0
50272,2.0
25761,2.0
58253,2.0
72214,2.0
52105,2.0
54536,2.0
36417,1.0
71196,2.0
57332,2.0
42807,2.0
45002,2.0
42353,2.0
29561,1.0
46632,2.0
35475,2.0
72380,0.0
72100,2.0
51804,2.0
40547,0.0
36442,0.0
15122,2.0
56774,0.0
28302,2.0
3662,2.0
48170,2.0
5381,2.0
58413,2.0
17402,2.0
17793,0.0
3163,2.0
73328,0.0
42288,0.0
52694,2.0
29211,0.0
36542,0.0
66450,0.0
63352,2.0
65588,2.0
19493,0.0
15169,2.0
13095,2.0
19375,2.0
59766,2.0
69614,0.0
9707,0.0
56382,2.0
39534,2.0
14387,0.0
74136,2.0
1503,0.0
13733,0.0
69376,2.0
14727,2.0
38127,2.0
57701,0.0
7258,0.0
48875,0.0
19372,2.0
20924,0.0
43186,2.0
15076,0.0
31070,2.0
59006,0.0
4928,2.0
3080,2.0
13234,2.0
52144,2.0
59650,0.0
62445,2.0
28689,2.0
42205,0.0
4909,0.0
4140,1.0
18795,0.0
68757,2.0
26810,2.0
18018,2.0
14477,0.0
66981,2.0
20885,2.0
46751,2.0
11424,1.0
17478,2.0
10636,0.0
43748,2.0
34606,2.0
69235,2.0
72760,0.0
41026,2.0
29470,2.0
25310,1.0
61957,2.0
63951,0.0
16499,2.0
11548,2.0
39949,0.0
57089,0.0
21655,0.0
60395,0.0
60258,0.0
46563,0.0
18103,0.0
29469,2.0
2652,2.0
29813,0.0
37280,2.0
32503,2.0
26227,2.0
42726,2.0
24613,2.0
67627,2.0
46153,0.0
22666,0.0
22951,0.0
65593,2.0
29878,0.0
11568,2.0
253,0.0
71538,2.0
72166,0.0
25487,0.0
17551,0.0
8611,2.0
9436,2.0
7554,2.0
31450,2.0
41169,2.0
30162,0.0
23885,0.0
35922,0.0
28856,2.0
43155,2.0
16232,2.0
29289,2.0
48025,2.0
1160,2.0
20105,2.0
35527,1.0
72981,2.0
37421,2.0
30880,0.0
52602,2.0
4899,0.0
13880,1.0
25926,2.0
54549,0.0
17843,1.0
69183,2.0
26391,0.0
33347,0.0
7261,0.0
55267,2.0
45516,0.0
36732,0.0
58607,0.0
40753,0.0
28255,2.0
63038,2.0
7797,2.0
74117,2.0
42031,2.0
12473,2.0
57435,2.0
13876,0.0
59563,0.0
29422,2.0
57751,2.0
53802,2.0
64256,0.0
51468,2.0
66727,2.0
22967,2.0
42002,2.0
62741,0.0
51253,0.0
55262,0.0
50466,0.0
35946,0.0
13112,2.0
52447,0.0
47265,2.0
50192,2.0
50904,0.0
70316,2.0
27455,2.0
6384,2.0
49398,0.0
40246,2.0
73302,2.0
10518,2.0
42332,2.0
69520,2.0
24451,2.0
55838,2.0
71800,0.0
64038,0.0
55889,2.0
32392,0.0
34758,2.0
45196,1.0
2836,2.0
30716,0.0
6910,0.0
36468,2.0
28260,2.0
55563,0.0
45804,0.0
2558,2.0
71038,2.0
56099,2.0
13384,0.0
57680,0.0
34923,2.0
72726,2.0
47295,2.0
71353,2.0
45859,0.0
24751,2.0
59639,0.0
62412,2.0
53095,2.0
66704,2.0
20804,2.0
29169,0.0
48572,0.0
37673,2.0
19864,0.0
37503,0.0
48226,0.0
19557,0.0
16146,2.0
35060,1.0
47642,1.0
34318,2.0
63151,2.0
22848,0.0
34780,2.0
27915,0.0
68945,2.0
68541,0.0
9426,2.0
41487,0.0
35002,2.0
13410,2.0
9117,2.0
